﻿<?xml version="1.0" encoding="utf-8"?>

<Deployment xmlns="http://schemas.microsoft.com/windowsphone/2009/deployment" AppPlatformVersion="7.0">
  <App xmlns="" ProductID="{9950e53d-bbf4-452c-80af-bc06a8dcec92}" Title="WriteableBitmapExWinPhoneCurveSample" RuntimeType="Silverlight" Version="1.0.0.0" Genre="apps.normal"  Author="Rene Schulte" Description="WriteableBitmapEx WP7 Curve Sample" Publisher="WriteableBitmapEx">
    <IconPath IsRelative="true" IsResource="false">ApplicationIcon.png</IconPath>
    <Capabilities>
		<Capability Name="ID_CAP_GAMERSERVICES"/>
		<Capability Name="ID_CAP_IDENTITY_DEVICE"/>
		<Capability Name="ID_CAP_IDENTITY_USER"/>
		<Capability Name="ID_CAP_LOCATION"/>
		<Capability Name="ID_CAP_MEDIALIB"/>
		<Capability Name="ID_CAP_MICROPHONE"/>
		<Capability Name="ID_CAP_NETWORKING"/>
		<Capability Name="ID_CAP_PHONEDIALER"/>
		<Capability Name="ID_CAP_PUSH_NOTIFICATION"/>
		<Capability Name="ID_CAP_SENSORS"/>
		<Capability Name="ID_CAP_WEBBROWSERCOMPONENT"/>
	</Capabilities>
    <Tasks>
      <DefaultTask  Name ="_default" NavigationPage="MainPage.xaml"/>
    </Tasks>
    <Tokens>
      <PrimaryToken TokenID="WriteableBitmapExWinPhoneCurveSampleToken" TaskName="_default">
        <TemplateType5>
          <BackgroundImageURI IsRelative="true" IsResource="false">Background.png</BackgroundImageURI>
          <Count>0</Count>
          <Title>WBX Curve Sample</Title>
        </TemplateType5>
      </PrimaryToken>
    </Tokens>
  </App>
</Deployment>